<?xml version="1.0" encoding="UTF-8"?>
<!--
  Copyright 2010-2012 The MyBatis Team

  Licensed under the Apache License, Version 2.0 (the "License");
  you may not use this file except in compliance with the License.
  You may obtain a copy of the License at

    http://www.apache.org/licenses/LICENSE-2.0

  Unless required by applicable law or agreed to in writing, software
  distributed under the License is distributed on an "AS IS" BASIS,
  WITHOUT WARRANTIES OR CONDITIONS OF ANY KIND, either express or implied.
  See the License for the specific language governing permissions and
  limitations under the License.
-->

<!-- version: $Id$ -->

<document xmlns="http://maven.apache.org/XDOC/2.0" xmlns:xsi="http://www.w3.org/2001/XMLSchema-instance"
  xsi:schemaLocation="http://maven.apache.org/XDOC/2.0 http://maven.apache.org/xsd/xdoc-2.0.xsd">

  <properties>
    <title>MyBatis 3 | 简介</title>
    <author email="mybatis-dev@googlegroups.com">The MyBatis Team</author>
  </properties>

  <body>
    <section name="简介">
      <subsection name="什么是 MyBatis?">
        <p>
        MyBatis 是支持普通 SQL 查询,存储过程和高级映射的优秀持久层框架。MyBatis 消除
了几乎所有的 JDBC 代码和参数的手工设置以及结果集的检索。MyBatis 使用简单的 XML
或注解用于配置和原始映射,将接口和 Java 的 POJOs(Plan Old Java Objects,普通的 Java
对象)映射成数据库中的记录。
        </p>
      </subsection>

      <subsection name="Help make this documentation better…">
        <p>
 如果你发现了本文档的遗漏之处,
或者丢失 MyBatis 特性的说明时,
那么最好的方法就
是了解一下这个遗漏之处然后把它记录下来。
        </p>
        <p>
          Sources of this manual are available in xdoc format at
          <a href="https://github.com/mybatis/mybatis-3/tree/master/src/site">project's GitHub </a>
          .
          Check them out, update them and send your patch to the
          <a href="https://github.com/mybatis/mybatis-3/issues">tracker</a>
          .
        </p>
        <p>
你也是本文档的最佳作者,其他用户也会来阅读它的。
        </p>
      </subsection>
      
      <subsection name="关于翻译">
      <p>
MyBatis 3 的用户指南翻译由南磊完成,若对翻译质量有任何意见和建议,请联系
nanlei1987@gmail.com,愿和大家共同提高,共同进步。
      </p>
      </subsection>
    </section>
  </body>

</document>
