<?xml version="1.0" encoding="UTF-8"?>
<!--
  Copyright 2010-2012 The MyBatis Team

  Licensed under the Apache License, Version 2.0 (the "License");
  you may not use this file except in compliance with the License.
  You may obtain a copy of the License at

    http://www.apache.org/licenses/LICENSE-2.0

  Unless required by applicable law or agreed to in writing, software
  distributed under the License is distributed on an "AS IS" BASIS,
  WITHOUT WARRANTIES OR CONDITIONS OF ANY KIND, either express or implied.
  See the License for the specific language governing permissions and
  limitations under the License.
-->

<!-- version: $Id$ -->

<document xmlns="http://maven.apache.org/XDOC/2.0" xmlns:xsi="http://www.w3.org/2001/XMLSchema-instance"
  xsi:schemaLocation="http://maven.apache.org/XDOC/2.0 http://maven.apache.org/xsd/xdoc-2.0.xsd">

  <properties>
    <title>MyBatis 3 | SQL dinámico</title>
    <author email="mybatis-dev@googlegroups.com">The MyBatis Team</author>
  </properties>

  <body>
  <section name="SQL dinámico">
  <p>Una de las características más potentes de MyBatis ha sido siempre sus capacidades de SQL dinámico. Si tienes experiencia con JDBC o algún framework similar, entenderás que doloroso es concatenar strings de SQL, asegurándose de que no olvidas espacios u omitir una coma al final de la lista de columnas. El SQL dinámico puede ser realmente doloroso de usar.</p>
  <p>Aunque trabajar con SQL dinámico no va a ser nunca una fiesta, MyBatis ciertamente mejora la situación con un lenguaje de SQL dinámico potente que puede usarse en cualquier mapped statement.</p>
  <p>Los elementos de SQL dinámico deberían ser familiares a aquel que haya usado JSTL o algún procesador de texto basado en XML. En versiones anteriores de MyBatis había un montón de elementos que conocer y comprender. MyBatis 3 mejora esto y ahora hay algo menos de la mitad de esos elementos con los que trabajar. MyBatis emplea potentes expresiones OGNL para eliminar la necesidad del resto de los elementos:</p>  
  <ul>
    <li>if</li>
    <li>choose (when, otherwise)</li>
    <li>trim (where, set)</li>
    <li>foreach</li>
  </ul>
  <subsection name="if" id="if">
  <p>La tarea más frecuente en SQL dinámico es incluir un trozo de la clausula where condicionalmente. Por ejemplo:</p>
  <source><![CDATA[<select id="findActiveBlogWithTitleLike" 
     parameterType="Blog" resultType="Blog">
  SELECT * FROM BLOG 
  WHERE state = ‘ACTIVE’ 
  <if test="title != null">
    AND title like #{title}
  </if>
</select>]]></source>  
  <p>Este statement proporciona una funcionalidad de búsqueda de texto. Si no se pasa ningún título, entonces se retornan todos los Blogs activos. Pero si se pasa un título se buscará un título como el pasado (para los perspicaces, sí, en este caso tu parámetro debe incluir el carácter de comodín).</p>
  <p>¿Y cómo hacemos si debemos buscar opcionalmente por título o autor? Primeramente, yo cambiaría el nombre del statement para que tenga algo más de sentido. Y luego añadir otra condición.</p>
  <source><![CDATA[<select id="findActiveBlogLike" 
     parameterType="Blog" resultType="Blog">
  SELECT * FROM BLOG WHERE state = ‘ACTIVE’ 
  <if test="title != null">
    AND title like #{title}
  </if>
  <if test="author != null and author.name != null">
    AND author_name like #{author.name}
  </if>
</select>]]></source>
  </subsection>
  <subsection name="choose, when, otherwise" id="chooseWhenOtherwise">
  <p>En ocasiones no queremos usar una condición sino elegir una de entre varias opciones. De forma similar al switch  de Java, MyBatis ofrece el elemento choose.</p>
  <p>Usemos el ejemplo anterior, pero ahora vamos a buscar solamente por título si se ha proporcionado un título y por autor si se ha proporcionado un autor. Si  no se proporciona ninguno devolvemos una lista de Blogs destacados (quizá una lista seleccionada por los administradores en lugar de una gran lista de blogs sin sentido).</p>
  <source><![CDATA[<select id="findActiveBlogLike" 
     parameterType="Blog" resultType="Blog">
  SELECT * FROM BLOG WHERE state = ‘ACTIVE’
  <choose>
    <when test="title != null">
      AND title like #{title}
    </when>
    <when test="author != null and author.name != null">
      AND author_name like #{author.name}
    </when>
    <otherwise>
      AND featured = 1
    </otherwise>
  </choose>
</select>]]></source>
  </subsection>
  <subsection name="trim, where, set" id="trimWhereSet">
  <p>En los ejemplos anteriores se ha sorteado intencionadamente un notorio problema del SQL dinámico. Imagina lo que sucedería si volvemos a nuestro ejemplo del “if”, pero esta vez, hacemos que “ACTIVE = 1” sea también una condición dinámica.</p>
  <source><![CDATA[<select id="findActiveBlogLike" 
     parameterType="Blog" resultType="Blog">
  SELECT * FROM BLOG 
  WHERE 
  <if test="state != null">
    state = #{state}
  </if> 
  <if test="title != null">
    AND title like #{title}
  </if>
  <if test="author != null and author.name != null">
    AND author_name like #{author.name}
  </if>
</select>]]></source>
  <p>¿Qué sucede si no se cumple ninguna condición? Acabarías con una sentencia SQL con este aspecto:</p>
  <source><![CDATA[SELECT * FROM BLOG 
WHERE]]></source>
  <p>Y eso fallará. ¿Y qué sucede si se cumple la segunda condición? Acabarías con una sentencia SQL con este aspecto:</p>
  <source><![CDATA[SELECT * FROM BLOG 
WHERE 
AND title like ‘someTitle’]]></source>
  <p>Y eso también fallará. Este problema no se resuelve fácil con condicionales, y si alguna vez tienes que hacerlo, posiblemente no quieras repetirlo nunca más.</p>
  <p>MyBatis tiene una respuesta sencilla que funcionará en el 90% de los casos. Y en los casos en los que no funciona puedes personalizarlo para hacerlo funcionar. Con un cambio simple, todo funciona correctamente:</p>
  <source><![CDATA[<select id="findActiveBlogLike" 
     parameterType="Blog" resultType="Blog">
  SELECT * FROM BLOG 
  <where> 
    <if test="state != null">
         state = #{state}
    </if> 
    <if test="title != null">
        AND title like #{title}
    </if>
    <if test="author != null and author.name != null">
        AND author_name like #{author.name}
    </if>
  </where>
</select>]]></source> 
  <p>El elemento where sabe que debe insertar la “WHERE” solo si los tags internos devuelven algún contenido. Más aun, si el contenido comienza con “AND” o “OR”, sabe cómo eliminarlo.</p>
  <p>Si el elemento where no se comporta exactamente como te gustaría, lo puedes personalizar definiendo tu propio elemento trim. Por ejemplo, el trim equivalente al elemento where es:</p>
  <source><![CDATA[<trim prefix="WHERE" prefixOverrides="AND |OR ">
  ... 
</trim>]]></source>  
  <p>El atributo prefixOverrides acepta una lista de textos delimitados pro el carácter “| “ donde el espacio en blanco es relevante. El resultado es que se elimina cualquier cosa que se haya especificado en el atributo prefixOverrides, y que se inserta todo lo incluido en el atributo with.</p>
  <p>Hay una solución similar para updates dinámicos llamada set. El elemento set se pude usar para incluir dinámicamente columnas para modificar y dejar fuera las demás. Por ejemplo:</p>
  <source><![CDATA[<update id="updateAuthorIfNecessary"
       parameterType="domain.blog.Author">
  update Author
    <set>
      <if test="username != null">username=#{username},</if>
      <if test="password != null">password=#{password},</if>
      <if test="email != null">email=#{email},</if>
      <if test="bio != null">bio=#{bio}</if>
    </set>
  where id=#{id}
</update>]]></source>
  <p>En este caso, el elemento set  prefijará dinámicamente el valor SET y además eliminará todas las comas sobrantes que pudieran quedar tras las asignaciones de valor después de que se hayan aplicado las condiciones.</p>  
  <p>Si tienes curiosidad de qué aspecto tendría el elemento trim equivalente, aquí lo tienes:</p>
  <source><![CDATA[<trim prefix="SET" suffixOverrides=",">
  ...
</trim>]]></source>
  <p>Fíjate que en este caso estamos sobrescribiendo un sufijo y añadiendo un prefijo.</p>
  </subsection>
  <subsection name="foreach">
  <p>Otra necesidad común del SQL dinámico es iterar sobre una colección, habitualmente para construir una condición IN. Por ejemplo:</p>
  <source><![CDATA[<select id="selectPostIn" resultType="domain.blog.Post">
  SELECT *
  FROM POST P
  WHERE ID in
  <foreach item="item" index="index" collection="list"
      open="(" separator="," close=")">
        #{item}
  </foreach>
</select>]]></source>
  <p>El elemento foreach es muy potente, permite especificar una colección y declarar variables elemento e índice que pueden usarse dentro del cuerpo del elemento. Permite también abrir y cerrar strings y añadir un separador entre las iteraciones. Este elemento es inteligente en tanto en cuanto no añade separadores extra accidentalmente.</p>
  <p><span class="label important">NOTA</span> Puedes pasar como objeto de parámetro un List o un Array a MyBatis. Cuando haces esto, MyBatis lo envuelve automáticamente en un Map usando su nombre como clave. Las instancias de lista usarán “list” como clave y las instancias array usarán “array”.</p>
  <p>Esto finaliza la discusión sobre la configuración XML y los ficheros de mapeo XML. En la sección siguiente hablaremos del API Java en detalle, de forma que puedas obtener el máximo rendimiento de los mapeos que has creado.</p>
  </subsection>  
  <subsection name="bind">
  <p>El elemento <code>bind</code> te permite crear una variable a partir de una expresion OGNL y asociarla al contexto. Por ejemplo:</p>
  <source><![CDATA[
<select id="selectBlogsLike" parameterType="Blog" resultType="Blog">
  <bind name="pattern" value="'%' + _parameter.getTitle() + '%'" />
  SELECT * FROM BLOG
  WHERE title LIKE #{pattern}
</select>]]></source>
  </subsection>
  <subsection name="Soporte de multiples vendedores de base de datos">
  <p>Si se ha configurado un databaseIdProvider la variable "_databaseId" estará disponible en el código dinámico, de esta forma puedes constrir distintas sntencias dependiendo del fabricante de la base de datos. Mira el siguiente ejemplo:</p>
  <source><![CDATA[<insert id="insert" parameterType="org.myapp.domain.User">
  <selectKey keyProperty="id" resultType="int" order="BEFORE">
    <if test="_databaseId == 'oracle'">
	  select seq_users.nextval from dual
    </if>
    <if test="_databaseId == 'db2'">
      select nextval for seq_users from sysibm.sysdummy1"
    </if>
  </selectKey>
  insert into users values (#{id}, #{name})
</insert>
]]></source>
  </subsection>
  <subsection name="Lenguajes de scripting customizados para SQL dinámico">
    <p>Desde la versión 3.2 MyBatis soporta la adición de lenguajes de scripting de forma que puedes
    añadir un driver de lenguaje y usar dicho lenguaje para escribir tus sentencias SQL.
    </p>
    <p>Hay dos lenguajes predefinidos:</p>
    <ul>
    <li>xml</li>
    <li>raw</li>
    </ul>
    <p>El lenguaje <code>xml</code> es el lenguaje por defecto. Permite ejecutar todos los tags dinámicos que hemos visto en las secciones anteriores.</p>
    <p>El lenguaje <code>raw</code> es en realidad la ausencia de lenguaje. Con esta configuración MyBatis sólo realiza la sustitución de parámetros 
    y pasa la sentencia al driver de base de datos. Como supondrás el lenguaje <code>raw</code> es más rápido que el <code>xml</code>.
    </p>
    <p>Puedes indicar el lenguaje que quieres usar en cada statement añadiendo el atributo <code>lang</code> de la siguiente forma:
    </p>
  <source><![CDATA[<select id="selectBlog" lang="raw">
  SELECT * FROM BLOG
</select>]]></source>
    <p>O, en el caso de que uses mappers, usando la anotación <code>@Lang</code>:</p>
  <source><![CDATA[public interface Mapper {
  @Lang(RawLanguageDriver.class)
  @Select("SELECT * FROM BLOG")
  List<Blog> selectBlog();
}]]></source>
    <p>También puedes implementar tu propio lenguaje implementado el siguiente interfaz:</p>
  <source><![CDATA[public interface LanguageDriver {
  ParameterHandler createParameterHandler(MappedStatement mappedStatement, Object parameterObject, BoundSql boundSql);
  SqlSource createSqlSource(Configuration configuration, XNode script, Class<?> parameterType);
  SqlSource createSqlSource(Configuration configuration, String script, Class<?> parameterType);
}]]></source>    
    <p></p>
	</subsection>
  </section>
  </body>
</document>
