<?xml version="1.0" encoding="UTF-8"?>
<!--
  Copyright 2010-2012 The MyBatis Team

  Licensed under the Apache License, Version 2.0 (the "License");
  you may not use this file except in compliance with the License.
  You may obtain a copy of the License at

    http://www.apache.org/licenses/LICENSE-2.0

  Unless required by applicable law or agreed to in writing, software
  distributed under the License is distributed on an "AS IS" BASIS,
  WITHOUT WARRANTIES OR CONDITIONS OF ANY KIND, either express or implied.
  See the License for the specific language governing permissions and
  limitations under the License.
-->

<!-- version: $Id$ -->

<document xmlns="http://maven.apache.org/XDOC/2.0" xmlns:xsi="http://www.w3.org/2001/XMLSchema-instance"
	xsi:schemaLocation="http://maven.apache.org/XDOC/2.0 http://maven.apache.org/xsd/xdoc-2.0.xsd">

	<properties>
		<title>MyBatis 3 | Introducción</title>
		<author email="mybatis-dev@googlegroups.com">The MyBatis Team</author>
	</properties>

	<body>
		<section name="Introducción">
			<subsection name="¿Qué es MyBatis?">
				<p>
					MyBatis es un framework de persistencia que soporta SQL, procedimientos
					almacenados y mapeos avanzados. MyBatis elimina casi todo el código JDBC, el establecimiento
					manual de los parámetros y la obtención de resultados. MyBatis puede configurarse con XML o anotaciones y
					permite mapear mapas y POJOs (Plain Old Java Objects) con registros de base de datos.
				</p>
			</subsection>

			<subsection name="Colabora para mejorar esta documentación...">
				<p>
					Si ves que hay alguna carencia en esta documentación o que falta
					alguna característica por documentar, te animamos a que lo investigues y la documentes tu mismo!
				</p>
				<p>
					Las fuentes de este manual están disponibles en formato xdoc en el
					<a href="https://github.com/mybatis/mybatis-3/tree/master/src/site">GitHub del proyecto</a>.
					Extráelas, actualízalas y envía tu parche al
					<a href="https://github.com/mybatis/mybatis-3/issues">tracker</a>.
				</p>
				<p>
					Eres el mejor candidato para documentar porque los lectores de esta documentación son gente como tú!
				</p>
			</subsection>
		</section>
	</body>

</document>
