<?xml version="1.0" encoding="UTF-8"?>
<!--
  Copyright 2010-2012 The MyBatis Team

  Licensed under the Apache License, Version 2.0 (the "License");
  you may not use this file except in compliance with the License.
  You may obtain a copy of the License at

    http://www.apache.org/licenses/LICENSE-2.0

  Unless required by applicable law or agreed to in writing, software
  distributed under the License is distributed on an "AS IS" BASIS,
  WITHOUT WARRANTIES OR CONDITIONS OF ANY KIND, either express or implied.
  See the License for the specific language governing permissions and
  limitations under the License.
-->

<!-- version: $Id$ -->

<document xmlns="http://maven.apache.org/XDOC/2.0" xmlns:xsi="http://www.w3.org/2001/XMLSchema-instance"
  xsi:schemaLocation="http://maven.apache.org/XDOC/2.0 http://maven.apache.org/xsd/xdoc-2.0.xsd">

  <properties>
    <title>MyBatis 3 | イントロダクション</title>
    <author email="mybatis-dev@googlegroups.com">The MyBatis Team</author>
  </properties>

  <body>
    <section name="イントロダクション">
      <subsection name="MyBatis とは？">
        <p>
          MyBatis はカスタム SQL、ストアドプロシージャ、高度なマッピング処理に対応した優れた永続化フレームワークです。
          MyBatisを使うことで、直接 JDBC を扱うコードを書いたり、クエリ引数やクエリ結果を手動で設定する必要がほとんどなくなります。
          MyBatis の設定やデータベースレコードと Java オブジェクトの関連付けは、XML またはアノテーションを使って行うことができます。
        </p>
      </subsection>

      <subsection name="このドキュメントの改善にご協力ください...">
        <p>
          このドキュメントの中で誤りや特定の機能に関する記述が抜けていることに気づいたら、詳しく調べてドキュメントを更新して頂けると助かります。
        </p>
        <p>
          このマニュアルのソースは xdoc 形式で、<a href="https://github.com/mybatis/mybatis-3/tree/master/src/site">プロジェクトの GitHub リポジトリ</a>で配布されています。<br />
          チェックアウトしたファイルを修正したら、<a href="https://github.com/mybatis/mybatis-3/issues">トラッカー</a>で新しいチケットを作成して変更箇所のパッチを添付してください。
        </p>
        <p>
          このドキュメントを読む必要のある人、つまりあなたこそが最高の著者なのです！
        </p>
      </subsection>
    </section>
  </body>

</document>
