<?xml version="1.0" encoding="UTF-8"?>
<!--
  Copyright 2010-2012 The MyBatis Team

  Licensed under the Apache License, Version 2.0 (the "License");
  you may not use this file except in compliance with the License.
  You may obtain a copy of the License at

    http://www.apache.org/licenses/LICENSE-2.0

  Unless required by applicable law or agreed to in writing, software
  distributed under the License is distributed on an "AS IS" BASIS,
  WITHOUT WARRANTIES OR CONDITIONS OF ANY KIND, either express or implied.
  See the License for the specific language governing permissions and
  limitations under the License.
-->

<!-- version: $Id$ -->

<document xmlns="http://maven.apache.org/XDOC/2.0" xmlns:xsi="http://www.w3.org/2001/XMLSchema-instance"
  xsi:schemaLocation="http://maven.apache.org/XDOC/2.0 http://maven.apache.org/xsd/xdoc-2.0.xsd">

  <properties>
    <title>MyBatis 3 | 소개</title>
    <author email="mybatis-dev@googlegroups.com">The MyBatis Team</author>
  </properties>

  <body>
    <section name="소개">
      <subsection name="MyBatis 는 무엇인가?">
        <p>MyBatis 는 개발자가 지정한 SQL, 저장프로시저 그리고 몇가지 고급 매핑을 지원하는 퍼시스턴스 프레임워크이다.
MyBatis 는 JDBC 코드와 수동으로 셋팅하는 파라미터와 결과 매핑을 제거한다. MyBatis 는 데이터베이스 레코드에
원시타입과 Map 인터페이스 그리고 자바 POJO 를 설정하고 매핑하기 위해 XML 과 애노테이션을 사용할 수 있다.
</p>
      </subsection>

      <subsection name="이 문서가 좀더 좋아지도록 도와주세요…">
        <p>이 문서에서 빈약하거나 기능 중 일부의 내용이 없는 경우, MyBatis에 대해 배우는 가장 좋은 방법은 당신 스스로 문서를 작성하는 것이다!
        </p>
        <p>이 문서는 xdoc포맷으로 되어 있으며, <a href="https://github.com/mybatis/mybatis-3/tree/master/src/site">프로젝트 GitHub </a> 에서 볼수 있다.
        체크아웃 받아서, 수정하고 <a href="https://github.com/mybatis/mybatis-3/issues">tracker</a>로 패치를 보내달라.
        </p>
        <p>당신은 이 문서의 가장 멋진 저자가 되는 셈이다. 많은 사람들이 이 문서를 읽을 것이다!
        </p>
      </subsection>
      
      <subsection name="번역에 대하여">
        <p>번역자 : 이동국(fromm0@gmail.com, http://ldg.pe.kr, http://me2day.net/fromm0)</p>
      </subsection>
    </section>
  </body>
</document>